                  epoch,             train/loss,  metrics/accuracy_top1,  metrics/accuracy_top5,               val/loss,                 lr/pg0,                 lr/pg1,                 lr/pg2
                      1,                 3.0386,                0.71579,                0.96053,                 3.0957,             0.00023538,             0.00023538,             0.00023538
                      2,                  1.212,                0.98421,                0.99737,                 2.5641,             0.00037965,             0.00037965,             0.00037965
                      3,                0.41852,                0.98158,                      1,                    2.5,             0.00042968,             0.00042968,             0.00042968
                      4,                0.25829,                0.99737,                      1,                 2.4795,             0.00028988,             0.00028988,             0.00028988
                      5,                0.17557,                0.99474,                      1,                 2.4765,             0.00028988,             0.00028988,             0.00028988
